-- Seed data for cinema project without description/image and multiple users
SET search_path TO cinema;

-- Users
INSERT INTO utilisateur (id, email, mdp, role) VALUES
  (1, 'owner_film1@cinema.fr', 'password', 'proprio_film'),
  (2, 'owner_cinema1@cinema.fr', 'password', 'proprio_cinema'),
  (3, 'owner_film2@cinema.fr', 'password', 'proprio_film'),
  (4, 'owner_cinema2@cinema.fr', 'password', 'proprio_cinema');

-- Cinémas 
INSERT INTO cinema (id, nom, adresse, ville, id_utilisateur) VALUES
  (1, 'Le Grand Rex',        '1 boulevard Poissonnière, 75002 Paris',     'Paris',     2),
  (2, 'Pathé Bellecour',     '79 rue de la République, 69002 Lyon',      'Lyon',      4),
  (3, 'Cinéma Le Prado',     '36 avenue du Prado, 13008 Marseille',      'Marseille', 2),
  (4, 'Utopia Saint-Siméon', '5 place Camille Jullian, 33000 Bordeaux',  'Bordeaux',  4),
  (5, 'Pathé Masséna',       '31 avenue Jean Médecin, 06000 Nice',        'Nice',      2);

-- Films
INSERT INTO film (id, titre, duree, langue, realisateur, age_min, sous_titre, id_utilisateur) VALUES
(1, 'Avatar', 139, 'Anglais', 'Wes Anderson', 12, 'Français', 1),
(2, 'Titanic', 130, 'Anglais', 'Jean-Pierre Jeunet', 10, 'Français', 3),
(3, 'Inception', 141, 'Anglais', 'James Cameron', 10, 'Aucun', 1),
(4, 'Interstellar', 140, 'Français', 'James Cameron', 10, 'Anglais', 3),
(5, 'The Dark Knight', 135, 'Français', 'Wes Anderson', 7, 'Aucun', 1),
(6, 'The Shawshank Redemption', 175, 'Anglais', 'Denis Villeneuve', 10, 'Aucun', 3),
(7, 'Pulp Fiction', 153, 'Français', 'Quentin Tarantino', 7, 'Anglais', 1),
(8, 'The Godfather', 94, 'Français', 'Luc Besson', 12, 'Aucun', 3),
(9, 'The Godfather Part II', 111, 'Anglais', 'Luc Besson', 12, 'Anglais', 1),
(10, 'The Matrix', 141, 'Anglais', 'Alejandro G. Iñárritu', 7, 'Anglais', 3),
(11, 'Star Wars: A New Hope', 125, 'Anglais', 'Robert Zemeckis', 12, 'Aucun', 1),
(12, 'Star Wars: The Empire Strikes Back', 104, 'Anglais', 'Peter Jackson', 7, 'Anglais', 3),
(13, 'Star Wars: Return of the Jedi', 134, 'Anglais', 'Denis Villeneuve', 18, 'Anglais', 1),
(14, 'Forrest Gump', 173, 'Français', 'Sam Mendes', 10, 'Anglais', 3),
(15, 'Gladiator', 107, 'Français', 'Robert Zemeckis', 12, 'Anglais', 1),
(16, 'The Lord of the Rings: The Fellowship of the Ring', 111, 'Anglais', 'Francis Ford Coppola', 12, 'Anglais', 3),
(17, 'The Lord of the Rings: The Two Towers', 150, 'Français', 'Alejandro G. Iñárritu', 12, 'Aucun', 1),
(18, 'The Lord of the Rings: The Return of the King', 105, 'Anglais', 'James Cameron', 12, 'Français', 3),
(19, 'Fight Club', 175, 'Français', 'Quentin Tarantino', 7, 'Français', 1),
(20, 'Joker', 162, 'Anglais', 'Francis Ford Coppola', 7, 'Français', 3),
(21, 'The Silence of the Lambs', 131, 'Anglais', 'Martin Scorsese', 7, 'Aucun', 1),
(22, 'Se7en', 165, 'Français', 'Sam Mendes', 12, 'Aucun', 3),
(23, 'Saving Private Ryan', 149, 'Français', 'Christopher Nolan', 10, 'Aucun', 1),
(24, 'Jurassic Park', 132, 'Anglais', 'Steven Spielberg', 18, 'Aucun', 3),
(25, 'Braveheart', 152, 'Anglais', 'Wes Anderson', 12, 'Français', 1),
(26, 'The Lion King', 132, 'Français', 'Luc Besson', 7, 'Anglais', 3),
(27, 'Toy Story', 107, 'Anglais', 'Steven Spielberg', 10, 'Aucun', 1),
(28, 'Finding Nemo', 109, 'Anglais', 'Luc Besson', 12, 'Français', 3),
(29, 'Up', 180, 'Français', 'Steven Spielberg', 18, 'Aucun', 1),
(30, 'The Incredibles', 150, 'Anglais', 'Robert Zemeckis', 18, 'Aucun', 3),
(31, 'Monsters, Inc.', 147, 'Français', 'Hayao Miyazaki', 12, 'Aucun', 1),
(32, 'The Prestige', 172, 'Français', 'Luc Besson', 7, 'Anglais', 3),
(33, 'Memento', 138, 'Anglais', 'Sam Mendes', 12, 'Français', 1),
(34, 'Dunkirk', 103, 'Anglais', 'Martin Scorsese', 10, 'Anglais', 3),
(35, 'Spirited Away', 165, 'Anglais', 'Steven Spielberg', 7, 'Français', 1),
(36, 'Princess Mononoke', 101, 'Anglais', 'Steven Spielberg', 12, 'Anglais', 3),
(37, 'My Neighbor Totoro', 103, 'Anglais', 'Francis Ford Coppola', 12, 'Aucun', 1),
(38, 'Howl''s Moving Castle', 125, 'Français', 'Francis Ford Coppola', 10, 'Anglais', 3),
(39, 'Akira', 178, 'Anglais', 'George Lucas', 7, 'Aucun', 1),
(40, 'Your Name', 119, 'Anglais', 'David Fincher', 12, 'Aucun', 3),
(41, 'Parasite', 136, 'Anglais', 'Sam Mendes', 12, 'Aucun', 1),
(42, 'Oldboy', 167, 'Français', 'Wes Anderson', 18, 'Anglais', 3),
(43, 'Snowpiercer', 167, 'Anglais', 'Francis Ford Coppola', 10, 'Français', 1),
(44, 'La La Land', 160, 'Français', 'Hayao Miyazaki', 10, 'Anglais', 3),
(45, 'Whiplash', 145, 'Anglais', 'Bong Joon-ho', 16, 'Français', 1),
(46, 'Birdman', 108, 'Anglais', 'George Lucas', 18, 'Français', 3),
(47, 'The Revenant', 91, 'Anglais', 'Martin Scorsese', 12, 'Français', 1),
(48, 'Mad Max: Fury Road', 132, 'Anglais', 'Sam Mendes', 10, 'Anglais', 3),
(49, 'Black Panther', 109, 'Anglais', 'Wes Anderson', 18, 'Anglais', 1),
(50, 'Avengers: Endgame', 147, 'Français', 'Quentin Tarantino', 18, 'Aucun', 3),
(51, 'Avengers: Infinity War', 101, 'Anglais', 'Robert Zemeckis', 18, 'Aucun', 1),
(52, 'Iron Man', 118, 'Anglais', 'Christopher Nolan', 18, 'Anglais', 3),
(53, 'Captain America: The Winter Soldier', 135, 'Anglais', 'Jean-Pierre Jeunet', 18, 'Français', 1),
(54, 'Guardians of the Galaxy', 172, 'Anglais', 'Hayao Miyazaki', 16, 'Aucun', 3),
(55, 'Doctor Strange', 164, 'Anglais', 'Bong Joon-ho', 7, 'Anglais', 1),
(56, 'Thor: Ragnarok', 94, 'Anglais', 'Guy Ritchie', 10, 'Aucun', 3),
(57, 'Spider-Man: Into the Spider-Verse', 171, 'Français', 'Steven Spielberg', 10, 'Anglais', 1),
(58, 'Shrek', 101, 'Français', 'James Cameron', 12, 'Aucun', 3),
(59, 'Donnie Darko', 113, 'Anglais', 'Hayao Miyazaki', 16, 'Anglais', 1),
(60, 'The Sixth Sense', 154, 'Français', 'Alejandro G. Iñárritu', 18, 'Aucun', 3),
(61, 'The Green Mile', 95, 'Français', 'Hayao Miyazaki', 7, 'Français', 1),
(62, 'The Departed', 170, 'Français', 'Christopher Nolan', 16, 'Aucun', 3),
(63, 'Goodfellas', 157, 'Anglais', 'Francis Ford Coppola', 18, 'Aucun', 1),
(64, 'Casino', 172, 'Anglais', 'Jean-Pierre Jeunet', 7, 'Aucun', 3),
(65, 'The Wolf of Wall Street', 144, 'Français', 'Sam Mendes', 18, 'Français', 1),
(66, 'One Flew Over the Cuckoo''s Nest', 101, 'Anglais', 'Denis Villeneuve', 18, 'Anglais', 3),
(67, 'A Clockwork Orange', 172, 'Français', 'Christopher Nolan', 18, 'Anglais', 1),
(68, 'Full Metal Jacket', 167, 'Anglais', 'Jean-Pierre Jeunet', 18, 'Anglais', 3),
(69, 'Scarface', 116, 'Français', 'David Fincher', 12, 'Français', 1),
(70, 'Heat', 106, 'Anglais', 'David Fincher', 18, 'Anglais', 3),
(71, 'Reservoir Dogs', 139, 'Anglais', 'Francis Ford Coppola', 18, 'Français', 1),
(72, 'Inglourious Basterds', 109, 'Anglais', 'Ridley Scott', 16, 'Aucun', 3),
(73, 'Django Unchained', 172, 'Anglais', 'Luc Besson', 16, 'Aucun', 1),
(74, 'The Hateful Eight', 162, 'Français', 'Robert Zemeckis', 16, 'Français', 3),
(75, 'Kill Bill: Vol. 1', 116, 'Anglais', 'Jean-Pierre Jeunet', 16, 'Anglais', 1),
(76, 'Kill Bill: Vol. 2', 168, 'Anglais', 'Alejandro G. Iñárritu', 7, 'Aucun', 3),
(77, 'The Social Network', 116, 'Anglais', 'James Cameron', 10, 'Français', 1),
(78, 'The Imitation Game', 160, 'Anglais', 'Martin Scorsese', 10, 'Aucun', 3),
(79, 'The Theory of Everything', 118, 'Anglais', 'Peter Jackson', 16, 'Français', 1),
(80, 'A Beautiful Mind', 131, 'Français', 'Alejandro G. Iñárritu', 10, 'Anglais', 3),
(81, 'The Truman Show', 135, 'Anglais', 'David Fincher', 7, 'Français', 1),
(82, 'The Curious Case of Benjamin Button', 171, 'Anglais', 'Peter Jackson', 18, 'Anglais', 3),
(83, 'The Great Gatsby', 132, 'Français', 'Wes Anderson', 7, 'Français', 1),
(84, 'Catch Me If You Can', 96, 'Anglais', 'Hayao Miyazaki', 18, 'Français', 3),
(85, 'The Grand Budapest Hotel', 116, 'Français', 'James Cameron', 7, 'Français', 1),
(86, 'Moonrise Kingdom', 91, 'Anglais', 'Quentin Tarantino', 12, 'Anglais', 3),
(87, 'Isle of Dogs', 94, 'Anglais', 'David Fincher', 12, 'Français', 1),
(88, 'Her', 98, 'Anglais', 'James Cameron', 16, 'Aucun', 3),
(89, 'Eternal Sunshine of the Spotless Mind', 136, 'Anglais', 'Bong Joon-ho', 12, 'Anglais', 1),
(90, 'La Haine', 176, 'Anglais', 'James Cameron', 16, 'Anglais', 3),
(91, 'Amelie', 90, 'Anglais', 'Peter Jackson', 12, 'Anglais', 1),
(92, 'Intouchables', 142, 'Anglais', 'Guy Ritchie', 12, 'Aucun', 3),
(93, 'Leon: The Professional', 148, 'Anglais', 'Bong Joon-ho', 18, 'Aucun', 1),
(94, 'City of God', 117, 'Anglais', 'Martin Scorsese', 18, 'Aucun', 3),
(95, 'Pan''s Labyrinth', 104, 'Français', 'Christopher Nolan', 18, 'Français', 1),
(96, 'Roma', 93, 'Anglais', 'Quentin Tarantino', 10, 'Aucun', 3),
(97, 'Crouching Tiger, Hidden Dragon', 139, 'Français', 'Peter Jackson', 18, 'Français', 1),
(98, 'Hero', 141, 'Français', 'Steven Spielberg', 18, 'Français', 3),
(99, 'Infernal Affairs', 108, 'Anglais', 'Jean-Pierre Jeunet', 10, 'Aucun', 1),
(100, 'Film 100', 93, 'Anglais', 'James Cameron', 16, 'Aucun', 3);

-- Programmations
INSERT INTO programmation (id, date_deb, date_fin, id_film, id_cinema) VALUES
(1, '2026-01-03', '2026-02-04', 1, 1),
(2, '2026-01-18', '2026-03-11', 2, 3),
(3, '2026-01-03', '2026-02-04', 3, 5),
(4, '2026-02-12', '2026-04-21', 4, 1),
(5, '2026-01-30', '2026-03-08', 5, 3),
(6, '2026-01-25', '2026-04-05', 6, 3),
(7, '2026-02-03', '2026-04-23', 7, 1),
(8, '2026-01-26', '2026-04-15', 8, 2),
(9, '2025-12-21', '2026-03-12', 9, 5),
(10, '2026-01-25', '2026-03-02', 10, 5),
(11, '2026-01-01', '2026-03-04', 11, 1),
(12, '2026-01-31', '2026-04-11', 12, 4),
(13, '2026-01-09', '2026-03-01', 13, 3),
(14, '2026-01-09', '2026-04-02', 14, 5),
(15, '2025-12-26', '2026-02-17', 15, 5),
(16, '2026-02-04', '2026-03-18', 16, 4),
(17, '2025-12-30', '2026-03-14', 17, 1),
(18, '2025-12-26', '2026-02-22', 18, 2),
(19, '2025-12-29', '2026-03-14', 19, 4),
(20, '2026-01-29', '2026-03-09', 20, 5),
(21, '2026-01-22', '2026-04-12', 21, 1),
(22, '2025-12-17', '2026-03-04', 22, 4),
(23, '2025-12-20', '2026-03-18', 23, 5),
(24, '2026-01-11', '2026-02-15', 24, 2),
(25, '2025-12-22', '2026-02-13', 25, 4),
(26, '2026-01-23', '2026-04-05', 26, 4),
(27, '2025-12-19', '2026-03-05', 27, 1),
(28, '2026-01-09', '2026-03-07', 28, 3),
(29, '2025-12-20', '2026-02-11', 29, 2),
(30, '2026-01-03', '2026-02-25', 30, 3),
(31, '2026-02-12', '2026-03-29', 31, 1),
(32, '2026-01-01', '2026-02-08', 32, 5),
(33, '2026-01-14', '2026-03-28', 33, 3),
(34, '2026-02-05', '2026-03-15', 34, 2),
(35, '2025-12-24', '2026-02-15', 35, 3),
(36, '2025-12-16', '2026-02-25', 36, 2),
(37, '2026-01-05', '2026-02-13', 37, 2),
(38, '2026-01-16', '2026-04-01', 38, 3),
(39, '2026-02-05', '2026-03-20', 39, 2),
(40, '2026-01-06', '2026-02-21', 40, 5),
(41, '2026-01-31', '2026-03-31', 41, 2),
(42, '2025-12-16', '2026-02-23', 42, 3),
(43, '2026-01-11', '2026-03-02', 43, 5),
(44, '2026-01-07', '2026-03-15', 44, 2),
(45, '2026-02-04', '2026-04-17', 45, 5),
(46, '2026-02-08', '2026-03-14', 46, 5),
(47, '2026-02-07', '2026-03-13', 47, 4),
(48, '2026-01-13', '2026-04-12', 48, 4),
(49, '2026-02-12', '2026-03-27', 49, 2),
(50, '2026-01-13', '2026-04-04', 50, 4),
(51, '2025-12-20', '2026-02-05', 51, 5),
(52, '2025-12-23', '2026-03-05', 52, 5),
(53, '2026-01-23', '2026-04-01', 53, 4),
(54, '2026-01-07', '2026-03-24', 54, 1),
(55, '2026-01-06', '2026-02-23', 55, 3),
(56, '2026-01-09', '2026-04-02', 56, 5),
(57, '2026-02-01', '2026-04-12', 57, 2),
(58, '2025-12-15', '2026-01-28', 58, 3),
(59, '2026-01-10', '2026-03-04', 59, 5),
(60, '2026-01-22', '2026-03-02', 60, 5),
(61, '2026-02-02', '2026-03-11', 61, 2),
(62, '2026-02-09', '2026-03-29', 62, 5),
(63, '2026-02-06', '2026-04-20', 63, 2),
(64, '2026-01-01', '2026-02-16', 64, 4),
(65, '2026-01-28', '2026-04-17', 65, 2),
(66, '2026-01-09', '2026-03-13', 66, 2),
(67, '2025-12-24', '2026-03-07', 67, 3),
(68, '2026-02-12', '2026-04-21', 68, 2),
(69, '2025-12-30', '2026-01-29', 69, 2),
(70, '2026-02-09', '2026-05-08', 70, 1),
(71, '2026-01-24', '2026-04-18', 71, 1),
(72, '2026-01-23', '2026-03-30', 72, 3),
(73, '2026-01-16', '2026-03-03', 73, 4),
(74, '2025-12-20', '2026-01-26', 74, 2),
(75, '2026-01-28', '2026-04-22', 75, 4),
(76, '2025-12-19', '2026-02-26', 76, 3),
(77, '2025-12-17', '2026-03-10', 77, 5),
(78, '2026-01-03', '2026-03-17', 78, 5),
(79, '2026-01-26', '2026-04-09', 79, 5),
(80, '2026-01-12', '2026-02-24', 80, 5),
(81, '2026-01-26', '2026-03-24', 81, 3),
(82, '2025-12-19', '2026-01-29', 82, 2),
(83, '2025-12-19', '2026-02-07', 83, 3),
(84, '2026-01-04', '2026-03-27', 84, 2),
(85, '2026-01-24', '2026-04-17', 85, 2),
(86, '2025-12-28', '2026-03-15', 86, 3),
(87, '2025-12-20', '2026-02-25', 87, 4),
(88, '2025-12-26', '2026-03-17', 88, 2),
(89, '2025-12-18', '2026-02-16', 89, 2),
(90, '2026-02-07', '2026-04-05', 90, 3),
(91, '2026-02-10', '2026-03-24', 91, 4),
(92, '2026-01-27', '2026-04-05', 92, 3),
(93, '2026-02-01', '2026-04-18', 93, 5),
(94, '2026-02-12', '2026-04-10', 94, 4),
(95, '2026-01-29', '2026-03-05', 95, 4),
(96, '2025-12-29', '2026-02-14', 96, 1),
(97, '2025-12-17', '2026-03-13', 97, 4),
(98, '2025-12-21', '2026-02-04', 98, 5),
(99, '2025-12-28', '2026-03-22', 99, 5),
(100, '2026-01-11', '2026-02-10', 100, 5);
INSERT INTO creneau_hebdo (id, jour_semaine, heure_debut, id_programmation) VALUES
(1, 'MER', '22:00', 1),
(2, 'VEN', '22:00', 1),
(3, 'DIM', '22:00', 1),
(4, 'MAR', '20:00', 2),
(5, 'JEU', '20:00', 2),
(6, 'SAM', '20:00', 2),
(7, 'MAR', '18:00', 3),
(8, 'JEU', '18:00', 3),
(9, 'SAM', '18:00', 3),
(10, 'MAR', '22:00', 4),
(11, 'JEU', '22:00', 4),
(12, 'SAM', '22:00', 4),
(13, 'LUN', '18:00', 5),
(14, 'MER', '18:00', 5),
(15, 'VEN', '18:00', 5),
(16, 'MAR', '18:00', 6),
(17, 'JEU', '18:00', 6),
(18, 'SAM', '18:00', 6),
(19, 'MER', '18:00', 7),
(20, 'VEN', '18:00', 7),
(21, 'DIM', '18:00', 7),
(22, 'MER', '22:00', 8),
(23, 'VEN', '22:00', 8),
(24, 'DIM', '22:00', 8),
(25, 'MAR', '22:00', 9),
(26, 'JEU', '22:00', 9),
(27, 'SAM', '22:00', 9),
(28, 'MAR', '22:00', 10),
(29, 'JEU', '22:00', 10),
(30, 'SAM', '22:00', 10),
(31, 'LUN', '22:00', 11),
(32, 'MER', '22:00', 11),
(33, 'VEN', '22:00', 11),
(34, 'MAR', '20:00', 12),
(35, 'JEU', '20:00', 12),
(36, 'SAM', '20:00', 12),
(37, 'MAR', '18:00', 13),
(38, 'JEU', '18:00', 13),
(39, 'SAM', '18:00', 13),
(40, 'MAR', '20:00', 14),
(41, 'JEU', '20:00', 14),
(42, 'SAM', '20:00', 14),
(43, 'LUN', '22:00', 15),
(44, 'MER', '22:00', 15),
(45, 'VEN', '22:00', 15),
(46, 'MER', '20:00', 16),
(47, 'VEN', '20:00', 16),
(48, 'DIM', '20:00', 16),
(49, 'MAR', '18:00', 17),
(50, 'JEU', '18:00', 17),
(51, 'SAM', '18:00', 17),
(52, 'MER', '22:00', 18),
(53, 'VEN', '22:00', 18),
(54, 'DIM', '22:00', 18),
(55, 'MAR', '18:00', 19),
(56, 'JEU', '18:00', 19),
(57, 'SAM', '18:00', 19),
(58, 'MER', '20:00', 20),
(59, 'VEN', '20:00', 20),
(60, 'DIM', '20:00', 20),
(61, 'MER', '22:00', 21),
(62, 'VEN', '22:00', 21),
(63, 'DIM', '22:00', 21),
(64, 'LUN', '22:00', 22),
(65, 'MER', '22:00', 22),
(66, 'VEN', '22:00', 22),
(67, 'MER', '20:00', 23),
(68, 'VEN', '20:00', 23),
(69, 'DIM', '20:00', 23),
(70, 'LUN', '18:00', 24),
(71, 'MER', '18:00', 24),
(72, 'VEN', '18:00', 24),
(73, 'MER', '20:00', 25),
(74, 'VEN', '20:00', 25),
(75, 'DIM', '20:00', 25),
(76, 'LUN', '20:00', 26),
(77, 'MER', '20:00', 26),
(78, 'VEN', '20:00', 26),
(79, 'LUN', '22:00', 27),
(80, 'MER', '22:00', 27),
(81, 'VEN', '22:00', 27),
(82, 'LUN', '22:00', 28),
(83, 'MER', '22:00', 28),
(84, 'VEN', '22:00', 28),
(85, 'LUN', '20:00', 29),
(86, 'MER', '20:00', 29),
(87, 'VEN', '20:00', 29),
(88, 'LUN', '20:00', 30),
(89, 'MER', '20:00', 30),
(90, 'VEN', '20:00', 30),
(91, 'MER', '18:00', 31),
(92, 'VEN', '18:00', 31),
(93, 'DIM', '18:00', 31),
(94, 'MAR', '22:00', 32),
(95, 'JEU', '22:00', 32),
(96, 'SAM', '22:00', 32),
(97, 'MAR', '20:00', 33),
(98, 'JEU', '20:00', 33),
(99, 'SAM', '20:00', 33),
(100, 'MER', '18:00', 34),
(101, 'VEN', '18:00', 34),
(102, 'DIM', '18:00', 34),
(103, 'MAR', '18:00', 35),
(104, 'JEU', '18:00', 35),
(105, 'SAM', '18:00', 35),
(106, 'MER', '22:00', 36),
(107, 'VEN', '22:00', 36),
(108, 'DIM', '22:00', 36),
(109, 'MAR', '22:00', 37),
(110, 'JEU', '22:00', 37),
(111, 'SAM', '22:00', 37),
(112, 'MER', '20:00', 38),
(113, 'VEN', '20:00', 38),
(114, 'DIM', '20:00', 38),
(115, 'MAR', '18:00', 39),
(116, 'JEU', '18:00', 39),
(117, 'SAM', '18:00', 39),
(118, 'MAR', '22:00', 40),
(119, 'JEU', '22:00', 40),
(120, 'SAM', '22:00', 40),
(121, 'LUN', '20:00', 41),
(122, 'MER', '20:00', 41),
(123, 'VEN', '20:00', 41),
(124, 'LUN', '20:00', 42),
(125, 'MER', '20:00', 42),
(126, 'VEN', '20:00', 42),
(127, 'LUN', '20:00', 43),
(128, 'MER', '20:00', 43),
(129, 'VEN', '20:00', 43),
(130, 'MAR', '22:00', 44),
(131, 'JEU', '22:00', 44),
(132, 'SAM', '22:00', 44),
(133, 'MAR', '20:00', 45),
(134, 'JEU', '20:00', 45),
(135, 'SAM', '20:00', 45),
(136, 'LUN', '20:00', 46),
(137, 'MER', '20:00', 46),
(138, 'VEN', '20:00', 46),
(139, 'LUN', '20:00', 47),
(140, 'MER', '20:00', 47),
(141, 'VEN', '20:00', 47),
(142, 'MAR', '20:00', 48),
(143, 'JEU', '20:00', 48),
(144, 'SAM', '20:00', 48),
(145, 'MAR', '22:00', 49),
(146, 'JEU', '22:00', 49),
(147, 'SAM', '22:00', 49),
(148, 'LUN', '22:00', 50),
(149, 'MER', '22:00', 50),
(150, 'VEN', '22:00', 50),
(151, 'MER', '22:00', 51),
(152, 'VEN', '22:00', 51),
(153, 'DIM', '22:00', 51),
(154, 'MAR', '18:00', 52),
(155, 'JEU', '18:00', 52),
(156, 'SAM', '18:00', 52),
(157, 'MAR', '20:00', 53),
(158, 'JEU', '20:00', 53),
(159, 'SAM', '20:00', 53),
(160, 'MAR', '22:00', 54),
(161, 'JEU', '22:00', 54),
(162, 'SAM', '22:00', 54),
(163, 'MER', '22:00', 55),
(164, 'VEN', '22:00', 55),
(165, 'DIM', '22:00', 55),
(166, 'MAR', '20:00', 56),
(167, 'JEU', '20:00', 56),
(168, 'SAM', '20:00', 56),
(169, 'MAR', '18:00', 57),
(170, 'JEU', '18:00', 57),
(171, 'SAM', '18:00', 57),
(172, 'MER', '18:00', 58),
(173, 'VEN', '18:00', 58),
(174, 'DIM', '18:00', 58),
(175, 'MER', '18:00', 59),
(176, 'VEN', '18:00', 59),
(177, 'DIM', '18:00', 59),
(178, 'LUN', '22:00', 60),
(179, 'MER', '22:00', 60),
(180, 'VEN', '22:00', 60),
(181, 'MER', '18:00', 61),
(182, 'VEN', '18:00', 61),
(183, 'DIM', '18:00', 61),
(184, 'LUN', '22:00', 62),
(185, 'MER', '22:00', 62),
(186, 'VEN', '22:00', 62),
(187, 'MER', '18:00', 63),
(188, 'VEN', '18:00', 63),
(189, 'DIM', '18:00', 63),
(190, 'LUN', '20:00', 64),
(191, 'MER', '20:00', 64),
(192, 'VEN', '20:00', 64),
(193, 'MER', '20:00', 65),
(194, 'VEN', '20:00', 65),
(195, 'DIM', '20:00', 65),
(196, 'MAR', '18:00', 66),
(197, 'JEU', '18:00', 66),
(198, 'SAM', '18:00', 66),
(199, 'MAR', '20:00', 67),
(200, 'JEU', '20:00', 67),
(201, 'SAM', '20:00', 67),
(202, 'MAR', '18:00', 68),
(203, 'JEU', '18:00', 68),
(204, 'SAM', '18:00', 68),
(205, 'LUN', '22:00', 69),
(206, 'MER', '22:00', 69),
(207, 'VEN', '22:00', 69),
(208, 'MAR', '20:00', 70),
(209, 'JEU', '20:00', 70),
(210, 'SAM', '20:00', 70),
(211, 'LUN', '22:00', 71),
(212, 'MER', '22:00', 71),
(213, 'VEN', '22:00', 71),
(214, 'MAR', '20:00', 72),
(215, 'JEU', '20:00', 72),
(216, 'SAM', '20:00', 72),
(217, 'LUN', '18:00', 73),
(218, 'MER', '18:00', 73),
(219, 'VEN', '18:00', 73),
(220, 'MAR', '22:00', 74),
(221, 'JEU', '22:00', 74),
(222, 'SAM', '22:00', 74),
(223, 'MER', '18:00', 75),
(224, 'VEN', '18:00', 75),
(225, 'DIM', '18:00', 75),
(226, 'LUN', '20:00', 76),
(227, 'MER', '20:00', 76),
(228, 'VEN', '20:00', 76),
(229, 'MAR', '22:00', 77),
(230, 'JEU', '22:00', 77),
(231, 'SAM', '22:00', 77),
(232, 'LUN', '22:00', 78),
(233, 'MER', '22:00', 78),
(234, 'VEN', '22:00', 78),
(235, 'MER', '18:00', 79),
(236, 'VEN', '18:00', 79),
(237, 'DIM', '18:00', 79),
(238, 'LUN', '18:00', 80),
(239, 'MER', '18:00', 80),
(240, 'VEN', '18:00', 80),
(241, 'MAR', '22:00', 81),
(242, 'JEU', '22:00', 81),
(243, 'SAM', '22:00', 81),
(244, 'MAR', '18:00', 82),
(245, 'JEU', '18:00', 82),
(246, 'SAM', '18:00', 82),
(247, 'LUN', '20:00', 83),
(248, 'MER', '20:00', 83),
(249, 'VEN', '20:00', 83),
(250, 'LUN', '22:00', 84),
(251, 'MER', '22:00', 84),
(252, 'VEN', '22:00', 84),
(253, 'MAR', '20:00', 85),
(254, 'JEU', '20:00', 85),
(255, 'SAM', '20:00', 85),
(256, 'MAR', '18:00', 86),
(257, 'JEU', '18:00', 86),
(258, 'SAM', '18:00', 86),
(259, 'MAR', '22:00', 87),
(260, 'JEU', '22:00', 87),
(261, 'SAM', '22:00', 87),
(262, 'LUN', '18:00', 88),
(263, 'MER', '18:00', 88),
(264, 'VEN', '18:00', 88),
(265, 'MER', '20:00', 89),
(266, 'VEN', '20:00', 89),
(267, 'DIM', '20:00', 89),
(268, 'MER', '18:00', 90),
(269, 'VEN', '18:00', 90),
(270, 'DIM', '18:00', 90),
(271, 'MER', '18:00', 91),
(272, 'VEN', '18:00', 91),
(273, 'DIM', '18:00', 91),
(274, 'MAR', '18:00', 92),
(275, 'JEU', '18:00', 92),
(276, 'SAM', '18:00', 92),
(277, 'MER', '18:00', 93),
(278, 'VEN', '18:00', 93),
(279, 'DIM', '18:00', 93),
(280, 'LUN', '22:00', 94),
(281, 'MER', '22:00', 94),
(282, 'VEN', '22:00', 94),
(283, 'MAR', '20:00', 95),
(284, 'JEU', '20:00', 95),
(285, 'SAM', '20:00', 95),
(286, 'MER', '22:00', 96),
(287, 'VEN', '22:00', 96),
(288, 'DIM', '22:00', 96),
(289, 'MER', '20:00', 97),
(290, 'VEN', '20:00', 97),
(291, 'DIM', '20:00', 97),
(292, 'LUN', '20:00', 98),
(293, 'MER', '20:00', 98),
(294, 'VEN', '20:00', 98),
(295, 'MER', '18:00', 99),
(296, 'VEN', '18:00', 99),
(297, 'DIM', '18:00', 99),
(298, 'LUN', '22:00', 100),
(299, 'MER', '22:00', 100),
(300, 'VEN', '22:00', 100);
-- Update sequences
SELECT setval(pg_get_serial_sequence('cinema.utilisateur', 'id'), (SELECT MAX(id) FROM cinema.utilisateur));
SELECT setval(pg_get_serial_sequence('cinema.cinema', 'id'), (SELECT MAX(id) FROM cinema.cinema));
SELECT setval(pg_get_serial_sequence('cinema.film', 'id'), (SELECT MAX(id) FROM cinema.film));
SELECT setval(pg_get_serial_sequence('cinema.programmation', 'id'), (SELECT MAX(id) FROM cinema.programmation));
SELECT setval(pg_get_serial_sequence('cinema.creneau_hebdo', 'id'), (SELECT MAX(id) FROM cinema.creneau_hebdo));
